"","feature","weight","weight","weight","weight","weight","weight","weight","weight","weight","mean"
"1","recommend",74,100,100,100,100,100,100,100,100,97.11
"2","days.interval",100,23.73,22.42,29.29,64.85,33.25,21.76,7.78,9.46,34.73
"3","index",13.37,5.11,43.41,73.29,8.04,1.64,5.7,21.78,40.95,23.7
"4","au.time.play",5.14,10.57,6.08,71.68,4.42,4.82,2.05,16.6,5.2,14.06
"5","wv.753",100,0.11,12.91,1.27,2.69,0.45,0.15,0.23,0.29,13.12
"6","wv.937",0,0.11,0.73,1.36,100,0.1,0.09,0.11,8.34,12.32
"7","wv.546",100,0.4,2.24,1.48,2.29,3.21,0.36,0.25,0.54,12.31
"8","wv.164",1.38,100,0.08,0.69,1.38,0.17,2.66,0.95,0.23,11.95
"9","wv.804",0.1,1.38,0,0.31,1.51,0.35,0.37,100,0.8,11.65
"10","wv.669",0.32,0.06,0.12,0.93,0.44,0.52,80.78,1.45,1.31,9.55
"11","n.games",7.53,1.06,3.67,54.25,3.97,3.91,1.52,3.32,5.76,9.44
"12","wv.971",74,0.09,0.23,3.96,0.11,0.2,0.94,0,0.31,8.87
"13","wv.327",0.41,0.2,6.08,2.85,1.75,1,1.93,0.34,64.03,8.73
"14","wv.491",1.55,0.09,0.48,71.68,0.81,0.37,0.26,0.12,0.49,8.43
"15","wv.622",0.78,0.03,0.2,6.85,0.62,60.35,0.17,0.14,0.71,7.76
"16","wv.774",0.44,0.44,3.37,1.36,1.3,60.48,0.21,0.51,0.9,7.67
"17","wv.480",0.54,0.14,0.44,54.25,0.15,0.56,1.05,2.1,0.57,6.64
"18","wv.129",1.34,0.17,43.41,0.91,0.92,1.52,0.73,2.53,0.74,5.81
"19","wv.698",0.09,1.16,0.9,35.94,2.16,0.89,0.97,2.31,3.52,5.33
"20","wv.613",5.21,1.25,1.71,3.41,6.94,0.06,1.74,21.07,0.16,4.62
"21","wv.89",0.18,0.05,0.39,35.94,0.56,0.47,0.28,0.41,1.17,4.38
"22","wv.108",0.36,0,0.47,15.07,10.27,0.83,6.44,0.56,0.2,3.8
"23","n.paragraph",9.87,2.2,3.64,6.85,0.52,1.63,1.21,5.91,2.18,3.78
"24","n.content.remove",6.69,1.26,12.91,9.46,2.29,0.04,0.49,0.27,0.51,3.77
"25","wv.592",0.94,0.1,0.86,6.44,1.01,0.5,17.92,0.36,3.61,3.53
"26","ratio.cap",2.9,0.5,0.86,13.94,0.49,0.23,0.58,8.56,3.63,3.52
"27","wv.893",0.23,0.08,22.42,2,0.68,0.12,0.32,1.58,1.76,3.24
"28","wv.771",0.49,0.77,6.83,1.95,5.29,2.93,2.9,0.48,7.54,3.24
"29","wv.367",0.57,0.2,2.99,8.82,0.36,0.8,0.48,13.61,0.11,3.1
"30","wv.665",7.44,0.14,2.38,8.85,3.27,0.59,2.84,0.76,0,2.92
"31","wv.422",0.23,0.11,0.09,0,3.78,0.32,0.22,21.07,0.2,2.89
"32","ratio.punctuation",0.48,0.02,1.35,0.6,18.92,0.2,0,0.92,2.83,2.81
"33","wv.856",0.35,0.24,2.17,0.43,18.92,0.51,0.07,0.65,1.8,2.79
"34","wv.724",4.26,0.46,1.9,1.21,7.06,0.66,1.97,5.11,2.41,2.78
"35","wv.355",1.1,0.09,2.32,15.07,2.54,0.96,1.38,1.03,0.54,2.78
"36","wv.261",0.66,0.1,1.14,0,1.79,0.08,1.3,16.6,3.28,2.77
"37","wv.820",5.09,0.09,1.24,14.09,0.11,0.73,0.7,0.19,0.67,2.55
"38","wv.571",0.21,0.03,0.36,12.92,3.01,3.12,0.42,1.44,0.63,2.46
"39","wv.818",0.31,0.47,0.14,14.75,1.52,1.11,0.25,2.78,0.41,2.42
"40","wv.136",0.3,1.38,0.72,11.41,2.04,1.21,0.31,3.01,1.11,2.39
"41","sd.sentence",3.92,0.02,0.95,7.54,3.98,2.48,0.63,0.5,1.5,2.39
"42","wv.265",0.63,0.19,0.19,12.78,2.44,0.25,2.52,1.42,0.52,2.33
"43","sd.word",3.51,0.06,2.39,2.54,7.2,0.51,0.06,3.53,0.95,2.31
"44","wv.865",2.59,0,1.84,4.98,9.14,0.55,0.46,0.54,0.53,2.29
"45","wv.699",0.98,0.08,0.67,9.66,1.24,0.69,4.22,0.69,1.89,2.24
"46","wv.992",1.24,0.61,0.39,9.88,6.66,0,0.18,0.69,0.2,2.21
"47","wv.271",0.27,0.59,1.87,12.92,0.63,0.9,1.75,0.34,0.62,2.21
"48","wv.620",7.53,0.89,2.15,4.89,2.13,0.06,0.29,0.39,1.46,2.2
"49","wv.619",0.76,0.34,0.16,7.25,2.46,0.32,1.72,0.53,6.16,2.19
"50","wv.530",0.09,0.05,0.43,13.94,0.1,0.62,2.22,0.63,1.59,2.19
"51","wv.42",0.45,0.3,0.19,14.76,1.62,0.38,0.62,0,1.28,2.18
"52","wv.357",0.09,0.19,2.53,12.26,1.24,0.98,1.29,0.13,0.63,2.15
"53","wv.707",2.45,0.46,7.33,1.59,0.62,0,3.84,0.63,2.38,2.14
"54","wv.991",0.85,0.06,4.17,2.27,7.68,0.2,0.61,0.5,2.73,2.12
"55","wv.210",0,0.38,5.65,7.25,0.98,0.39,2.76,0.51,1.08,2.11
"56","wv.440",4.27,0.13,0.1,6.51,1.23,0.27,0.43,2.26,3.74,2.1
"57","wv.315",0,0.07,0.33,14.75,1.1,0.41,0.5,1.24,0.49,2.1
"58","wv.796",0.71,0.05,0.55,3.59,7.68,0.69,0,4,1.43,2.08
"59","wv.148",0.3,0.33,3.37,3.81,0.8,0.61,2.19,5.91,1.35,2.07
"60","wv.743",7.44,0.23,1.05,2.38,2.93,0.2,0.62,2.98,0.69,2.06
"61","wv.532",0.67,0.19,0.38,12.7,0.73,0.96,0.22,1.09,1.34,2.03
"62","wv.146",0.38,0.53,0.63,12.7,1.2,0.97,0.78,0.32,0.51,2
"63","wv.398",0.46,0.31,1.78,2.11,6.66,1.2,0.82,4.52,0.14,2
"64","wv.314",13.37,0.11,0.11,0,1.13,0.74,0.59,0.88,1.06,2
"65","wv.102",0.28,0.14,0.56,3.93,9.63,0.76,0.15,1.67,0.73,1.98
"66","wv.758",0.52,0.37,1.16,6.57,1.02,0.47,2.95,0.49,4.12,1.96
"67","wv.514",0.36,0.17,1.93,5.73,2.75,0.44,3.35,2.21,0.51,1.94
"68","wv.568",0.18,0.59,4.75,2.72,0.95,3.35,1.45,2.38,1,1.93
"69","wv.44",4.54,0.22,6.19,3.1,1.52,0.1,0.54,0.28,0.91,1.93
"70","wv.324",2.86,0.43,0.64,7.59,1.78,0.32,2.04,0.42,1.19,1.92
"71","wv.601",4.07,0.37,0.86,6.57,1.46,0.97,1.86,0.35,0.72,1.91
"72","wv.71",1.12,0.3,0.33,9.88,2.3,0.68,0.67,0.73,1.2,1.91
"73","n.sentence",2.87,0.84,6.11,1.83,2.87,0,1.84,0.38,0.35,1.9
"74","wv.883",3.97,0.03,0.42,0.96,0.1,1.37,0.61,8.7,0.72,1.88
"75","liwc.Dic",9.87,0.12,0.46,2.97,1.3,0.21,0.11,1.17,0.46,1.85
"76","wv.328",2.56,0.07,1.67,1.41,8.04,1.2,0.65,0,0.99,1.84
"77","wv.950",0.44,0.22,0.2,6.85,2.04,0.15,1.9,3.99,0.47,1.81
"78","wv.313",0.3,0.05,1.87,1.36,4.17,3.81,0.61,0.53,3.37,1.79
"79","wv.935",0.64,1.02,3.44,5.54,2.84,0.23,0.53,1.45,0.42,1.79
"80","wv.119",2.56,0.17,2.8,0.81,6.03,1.05,1.36,0.78,0.51,1.79
"81","wv.944",0.91,0.05,0.23,11.68,1.09,0.29,0.79,0.67,0.3,1.78
"82","n.word",1.61,0.98,4.17,1.09,5.28,0.37,0.69,1.25,0.36,1.76
"83","wv.396",5.77,0.04,4.21,3.71,0.83,0.29,0.64,0,0.23,1.75
"84","wv.517",8.85,0.32,0.25,1.23,1.82,0.16,1.6,0.48,1.06,1.75
"85","wv.904",2.86,0.05,2.77,2.62,2.75,0.21,0.86,2.75,0.83,1.74
"86","wv.498",0.14,0.09,0.64,8.18,0.68,0.47,3.73,1.7,0.07,1.74
"87","wv.837",1.72,1.46,1.05,9.37,0.42,0.42,0.4,0.44,0.32,1.73
"88","wv.413",7.44,0.16,0.45,1.23,2.89,0.14,1.05,1.68,0.52,1.73
"89","wv.232",5.14,0.12,0.73,6.03,2.21,0.51,0.64,0.08,0,1.72
"90","wv.158",1.45,0.11,0.79,7.37,1.34,0.2,0.21,3.5,0.37,1.7
"91","wv.628",0.71,0.4,4.76,5.54,1.46,0.26,0.18,0.78,1.11,1.69
"92","wv.27",0.68,0.07,0.72,1.59,9.75,0.14,0,0.63,1.56,1.68
"93","wv.840",7.53,0.11,0.12,1.71,0,2.33,0.39,2.53,0.41,1.68
"94","wv.521",0.89,0.22,2.66,7.25,1.03,0.4,1.22,1.12,0.34,1.68
"95","wv.564",5.24,0.47,0.58,1.75,2.61,0.95,1.34,0.6,1.46,1.67
"96","wv.985",2.45,0.32,1.16,2.47,2.16,0.15,1.25,0.64,4.4,1.67
"97","wv.524",5.4,0.19,0,2.1,5.34,0.07,0.36,1.1,0.42,1.66
"98","wv.190",0.66,0.07,0.61,0.96,1.67,2.88,1.24,5.92,0.9,1.66
"99","wv.225",3.51,0.06,1.16,0.26,1.08,0.5,0.28,1.46,6.51,1.65
"100","wv.889",1.62,0.12,0.12,4.11,4.79,0.41,0.89,0.42,2.3,1.64
"101","wv.751",1.84,0.02,0.9,2.32,2.96,0.51,1.4,3.23,1.62,1.64
"102","wv.138",0.09,0.16,0.34,10.76,0.66,0.26,0.25,1.88,0.35,1.64
"103","wv.349",0.28,0.19,0.41,4.93,3.67,1.16,0.12,0.38,3.45,1.62
"104","wv.627",0.99,0.74,9.31,1.08,0.15,0.36,0.92,0.08,0.91,1.62
"105","wv.463",0.56,0.17,7.33,2.98,1.01,1.2,0.08,0.99,0.25,1.62
"106","wv.766",0.38,0.05,0.66,6.92,1.75,0.89,0.26,2.59,0.99,1.61
"107","wv.469",5.21,0.14,0.13,2.29,4.24,0.45,0.65,0.59,0.79,1.61
"108","wv.342",1.23,0.5,0.47,4.29,0.48,0.14,2.41,0.51,4.5,1.61
"109","wv.984",1.94,0.15,0,3.89,2.37,0.33,5.33,0.24,0.13,1.6
"110","wv.954",2.73,0.12,3.49,0.31,1.16,0.28,0.86,4.86,0.61,1.6
"111","wv.465",3.87,0.06,0.6,1.68,1.78,0,0.1,3.88,2.28,1.58
"112","wv.482",3.99,1.3,0,3.82,0.82,0.19,1.2,1.76,1.04,1.57
"113","wv.617",0.17,0.23,0.61,3.61,6.23,0.57,1.51,0.93,0.31,1.57
"114","wv.374",4.48,0.67,0.73,0,3.01,2.76,1.44,0.77,0.18,1.56
"115","wv.946",0.54,0.07,2.01,2.62,2.01,2.91,0.22,3.6,0.07,1.56
"116","wv.143",1.94,0.05,4.43,2.46,0.97,0.08,1.31,2.33,0.39,1.55
"117","wv.97",1.7,0.07,1.42,3.16,1.75,0.45,0.87,3.91,0.62,1.55
"118","wv.279",0.18,0.43,0.34,10.76,0.66,0.23,0.4,0.58,0.41,1.55
"119","wv.728",0.27,0.53,1.71,4.76,2.18,0.06,0.6,3.13,0.61,1.54
"120","wv.591",5.4,0.06,0.57,0.62,1.25,2.49,0.17,2.79,0.55,1.54
"121","wv.19",0.11,0.11,5.15,1.55,1.89,0.59,0.56,3.64,0.24,1.54
"122","wv.141",0.45,0.05,1.11,7.56,0.15,0.47,0.55,2.5,1.05,1.54
"123","n.char",3.36,0.4,6.03,0.55,1.44,0.17,0.31,0.45,1.02,1.53
"124","wv.382",0.26,0.63,1.47,5.43,1.86,0.23,2.07,0.87,0.95,1.53
"125","wv.486",1.24,0.07,2.68,2.38,1.31,1.37,0.15,3.61,0.99,1.53
"126","wv.979",0.57,1.04,0.42,2.32,2.58,3.57,1.33,1.32,0.6,1.53
"127","wv.31",0.28,0.26,0.38,12.26,0.12,0.21,0.17,0.07,0.06,1.53
"128","wv.350",2.73,0.24,0.49,1.56,0.6,0.16,1.25,6.11,0.51,1.52
"129","wv.282",1.12,0.09,1.88,1.27,5.11,0,0.95,0.63,2.63,1.52
"130","wv.51",0.38,0.43,0.91,3.09,1.6,0.47,0.12,5.11,1.58,1.52
"131","wv.678",0.71,1.19,0.3,1.27,2.24,0.25,0.88,4.96,1.71,1.5
"132","n.cap",1.58,1.38,0.26,2.34,2.62,1.56,0.37,2.69,0.68,1.5
"133","wv.372",1.84,2.16,0.95,0.85,5.28,0.15,0.47,0.51,1.29,1.5
"134","wv.719",0.6,0.01,0.23,3.13,5.12,0.26,3.69,0.4,0.08,1.5
"135","wv.972",0.58,0.13,0.25,5.87,3.55,0.93,0.59,1.36,0.28,1.5
"136","wv.231",1.02,1.06,0.12,7.37,1.29,0.81,0.54,0.41,0.83,1.49
"137","wv.73",0.48,0.35,0,3.99,1.44,0.12,0.17,0.78,6.03,1.48
"138","wv.990",1.6,0.04,0.32,2.47,3.98,0.37,4.1,0.11,0.2,1.47
"139","wv.737",0.82,0.07,1.71,7.77,0.55,0.47,0.51,0.83,0.42,1.46
"140","wv.703",0.89,0.14,0.92,3.77,1.73,0.14,0.5,0.69,4.4,1.46
"141","wv.816",1.18,0.07,1.13,6.51,0.83,0.18,0.77,2.02,0.42,1.46
"142","wv.400",2.75,0.09,0.71,3.81,4.07,0.41,0.61,0.63,0.06,1.46
"143","wv.112",0,0.04,0.61,0.96,9.14,0.29,0,1.43,0.71,1.46
"144","avg.sentence.of.paragraph",5.21,0.03,0.49,1.84,1.17,0.45,1.03,1.23,1.65,1.46
"145","wv.497",1.02,0.33,2.32,1.53,0.29,1.18,0.27,5.12,1.11,1.46
"146","wv.903",0.85,0.77,0.88,4.92,0.93,0.63,0.84,1.92,1.28,1.45
"147","wv.84",0.21,0.34,4.02,5.92,1.56,0.25,0.05,0.28,0.43,1.45
"148","wv.443",1.15,0.53,1.86,3.09,0.12,0.23,1.19,3.64,1.16,1.44
"149","wv.621",0.9,0.2,1.05,5.39,0.74,3.49,0.07,0.95,0.18,1.44
"150","wv.126",2,0.14,0.37,5.22,1.57,0.27,0.33,0.89,2.07,1.43
"151","wv.964",0.76,0.14,0.47,4.17,1.29,0.14,0.28,4.96,0.66,1.43
"152","wv.510",4.26,0.27,1.03,2.27,3.97,0.06,0.31,0.14,0.55,1.43
"153","wv.174",3.87,0.07,0.95,0.78,0.8,3.02,1.54,0.14,1.59,1.42
"154","wv.332",0.09,0.05,0.72,7.47,1.36,1.2,0.15,1.09,0.63,1.42
"155","wv.371",4.27,0.02,1.46,0.31,0.91,0.95,0.22,0.35,4.26,1.42
"156","wv.574",0.21,0.19,1.1,5.65,0.67,0.26,2.07,2.38,0.16,1.41
"157","wv.76",3.22,0.06,0.57,1.32,0.39,0.2,3.61,2.91,0.45,1.41
"158","wv.911",1.52,0.1,0.26,4.68,3.04,0.83,0.72,1.32,0.2,1.41
"159","wv.460",3.06,0.09,1.64,1.76,4.3,0.24,0.62,0.32,0.59,1.4
"160","wv.320",0.61,0.1,1.14,5.87,0.95,0.27,0,2.87,0.81,1.4
"161","wv.887",4.31,0.09,0.9,4.73,0.42,0.89,0.31,0.5,0.45,1.4
"162","wv.930",1.17,0.13,0.18,1.7,6.23,0.23,0.51,2.29,0.12,1.4
"163","wv.258",1.92,0.07,0.59,2.02,0.94,1.45,2.86,1.7,1.07,1.4
"164","wv.616",1.64,0.47,2.78,0.78,0.72,0.9,4.83,0.32,0.15,1.4
"165","wv.77",4.77,0.19,0.42,5.75,0,0.85,0.17,0.39,0.09,1.4
"166","wv.176",0.59,0.14,2.15,7.77,0.27,0.17,0.49,0.32,0.57,1.39
"167","wv.649",0.27,0.04,6.19,0.83,0.39,0.25,1.37,2.39,0.74,1.39
"168","wv.795",4.77,0.07,0.47,4.94,0.38,0.4,0,0.87,0.6,1.39
"169","wv.411",3.95,0.33,0.63,0.76,2.95,0.31,0.78,0.4,2.3,1.38
"170","wv.686",0.17,0.07,1.52,7.98,0.55,0.35,0.4,0.67,0.68,1.38
"171","wv.823",0.2,0.34,0.15,5.39,1.78,0.38,2.54,0.96,0.68,1.38
"172","wv.499",0.54,0.05,1.53,1.97,3.51,0.2,0.86,3.65,0.07,1.38
"173","wv.393",0,0,2.81,2.62,4.78,0.59,0.58,0.8,0.17,1.37
"174","wv.421",0.47,0.38,1.57,0.88,0,0.7,4.66,3.5,0.16,1.37
"175","wv.794",0.63,0.98,0.51,0.83,0.11,1.26,1.16,5.43,1.42,1.37
"176","wv.125",0.26,0.41,1.09,1.53,3.31,0.51,1.7,2.92,0.6,1.37
"177","wv.239",1.34,0.08,0.45,5.22,0.6,0.35,0.45,0.65,3.23,1.37
"178","wv.337",3.97,0.14,0.39,1.25,1.16,0.82,0.27,2.92,1.31,1.36
"179","wv.585",2.11,0.06,0.13,4.17,1.33,0.27,0.39,1.89,1.77,1.35
"180","wv.607",0.84,0.48,0.18,4.97,1.78,0.58,0.45,1.79,1.1,1.35
"181","wv.567",0.59,0.08,1.04,0.75,1.55,0.22,0.3,6.16,1.47,1.35
"182","wv.762",2.04,0.1,1.91,0.96,1.5,0.27,1.25,2.09,2,1.35
"183","wv.109",1.45,0.05,2.3,1.44,1.26,0.55,0.35,2.65,1.98,1.34
"184","wv.369",0.08,1.19,0.38,6.85,1.42,1.39,0.41,0.1,0.27,1.34
"185","wv.98",3.11,1.25,0.72,0.76,3.67,1.15,0.4,0.21,0.8,1.34
"186","wv.983",1.05,0.22,0.78,1.56,0.51,0.2,5.17,1.52,1.05,1.34
"187","wv.88",0.43,0.21,0.48,0.4,5.07,0.93,0.26,4.32,0,1.34
"188","wv.209",3.36,0.05,0.35,3.38,2.14,1.71,0.26,0.25,0.51,1.33
"189","wv.467",4.48,0.12,1.24,0.21,4.13,0.15,0.25,1.03,0.4,1.33
"190","wv.797",0.62,0.09,0.93,4.93,1.42,2.53,0.39,0.64,0.36,1.32
"191","wv.20",0.66,0.03,3.79,2.14,2,0.34,1.44,0,1.45,1.32
"192","wv.624",0,0.08,2.17,2.06,1.63,0.28,4.21,1.23,0.11,1.31
"193","wv.697",0.32,0.05,0.29,3.37,0.91,2,1,3.44,0.45,1.31
"194","wv.925",1.83,0,0.42,0.18,1.24,0.53,2.5,0.1,4.95,1.31
"195","wv.884",4.25,0.31,0.31,2.45,0.38,2.27,1.4,0.24,0.22,1.31
"196","wv.870",3.59,0.42,0.19,2.06,0.41,2.36,0.9,0.66,1.19,1.31
"197","wv.110",0.58,0.09,2.01,2.24,1.42,3.94,0.4,1.09,0,1.31
"198","wv.165",0.39,0.32,0,8.36,0.1,0.55,0.47,0.52,1.12,1.31
"199","wv.752",1.55,0.67,1.05,5.07,2.31,0.28,0.46,0.18,0.15,1.3
"200","wv.63",0.91,0.05,2.48,0.73,0.38,0.16,0.54,5.26,1.21,1.3
"201","wv.59",1.33,0.04,0.4,3.7,3.55,1.22,0.62,0.26,0.61,1.3
"202","wv.266",1.9,0.57,0.37,1.88,4.84,0.68,0.25,0.41,0.8,1.3
"203","wv.144",0.24,0.13,0.43,1.97,7.06,0.58,1.11,0.05,0.13,1.3
"204","wv.276",2.31,0.77,2.15,0.49,3.96,0.24,0.63,0.57,0.56,1.3
"205","wv.117",0.88,1.04,2.67,3.02,1.14,0.05,1.64,0.21,1.06,1.3
"206","wv.412",1.56,0.06,1.43,2.9,2.2,0.73,0.52,0.33,2.01,1.3
"207","wv.345",1.04,0.07,1.04,1.66,0.73,0.18,0.66,1.7,4.53,1.29
"208","wv.618",0.92,0.1,1.17,5.37,0.37,0.15,2.29,0.9,0.3,1.29
"209","liwc.WC",0.61,0.09,2.47,5.18,0.76,0.71,0.18,0.51,1,1.28
"210","wv.504",0.33,0.12,0,2.09,4.78,0.26,1.24,1.25,1.49,1.28
"211","wv.364",1.67,0.09,1.15,4.53,0.73,0.47,0.49,1.87,0.5,1.28
"212","wv.905",0.28,0,0.62,1.11,4.01,3.48,1.51,0.17,0.3,1.28
"213","wv.288",0.66,0.15,0.36,2.91,3.56,1.65,0.94,0.43,0.88,1.28
"214","wv.185",0.61,0.23,0.54,5.42,2.51,0.3,1.4,0.14,0.37,1.28
"215","wv.683",0.32,0.14,0.87,2.99,3.74,0.49,2.06,0.62,0.3,1.28
"216","wv.802",1.61,0.1,0.14,4.53,0.64,0.08,0.22,0.95,3.29,1.28
"217","wv.500",1.51,0.65,0.09,7.56,0,0.26,0.93,0,0.5,1.28
"218","wv.245",0.83,0.08,1.16,4.35,1.31,0.6,1.29,1.63,0.21,1.27
"219","wv.206",0.59,0.08,3.87,2.76,1.89,0.15,0.15,0.99,0.93,1.27
"220","n.content.origin",3.22,0.31,2.03,1.55,1.56,0.13,1.2,0.69,0.71,1.27
"221","wv.493",2.2,0.06,1.12,2.38,0.39,0.48,0.15,3.59,1.08,1.27
"222","wv.815",0.59,0.1,0.31,1.48,0.76,0.84,1.36,4.19,1.83,1.27
"223","wv.344",0.11,0.18,0.33,7.88,1.01,0.3,0.7,0.7,0.2,1.27
"224","wv.483",2.21,0.12,0.2,1.25,3.82,1.32,0.54,1.74,0.18,1.26
"225","wv.414",0.75,0.1,0.29,2.16,0.4,0.62,1.47,5.12,0.39,1.26
"226","wv.68",0.58,0.06,0.87,2.43,4.3,0.66,0.57,0.55,1.26,1.25
"227","wv.478",3.48,0.14,3.67,2.69,0.11,0.23,0.05,0.54,0.34,1.25
"228","wv.868",0.19,0.28,0.87,6.9,0.37,0.07,0.89,1.67,0,1.25
"229","wv.711",0.53,0.77,1.14,4.48,0.3,1.4,0.8,1.32,0.43,1.24
"230","wv.319",0.62,0.31,0.79,5.65,2.42,0.14,0.51,0.33,0.35,1.24
"231","wv.69",3.51,0.14,0.16,2.45,1.88,0.75,0.13,0.58,1.52,1.24
"232","wv.233",0.07,0.16,2.29,3.07,0.13,0.32,0.97,1.89,2.24,1.24
"233","wv.869",0.53,0.09,0.43,1.49,1.52,0.26,6.66,0,0.2,1.24
"234","wv.67",0.68,0.18,0.16,4.98,1.86,0.16,1.38,0.44,1.23,1.23
"235","wv.383",2.53,0.24,3.56,2.44,0.83,0.41,0.24,0.48,0.33,1.23
"236","wv.934",2.51,0.07,0.26,4.24,1.75,0.18,0.99,0.83,0.2,1.23
"237","wv.931",2.12,0.06,0.37,1.36,0.15,0.61,0.16,5.46,0.79,1.23
"238","wv.160",0.27,0.09,6.03,1.25,1.86,0.08,0.15,0.83,0.54,1.23
"239","wv.230",0.11,0.15,0.55,0.74,1.82,1.77,1.52,4.02,0.35,1.23
"240","wv.741",0.47,0.03,0.56,5.75,1.16,0.11,0.15,1.55,1.16,1.22
"241","wv.522",0.54,0.02,0.79,2.55,1.4,0,3.68,1.46,0.53,1.22
"242","wv.666",0.78,0.36,1.07,2.62,1.24,1.77,1.12,1,0.92,1.21
"243","wv.142",0.93,0.43,0.09,3.63,3.75,0.27,0.35,0.72,0.69,1.21
"244","wv.701",0.32,0.13,1.02,6.44,1.07,0.32,0.57,0.91,0,1.2
"245","wv.807",0.93,0.13,0.73,2.91,1.03,1.91,0.99,0.29,1.91,1.2
"246","wv.424",0.09,0.47,0.65,7.54,0.47,0.15,0,0.59,0.87,1.2
"247","wv.731",1.26,0.16,0.15,1.48,3.98,0.2,2.01,0.09,1.34,1.19
"248","wv.597",0,0.04,2.4,2.45,0.17,0.83,0.79,1.46,2.58,1.19
"249","wv.23",2.9,0.3,0.73,2.25,0.51,0.28,1.4,2.17,0.16,1.19
"250","wv.149",1.38,0.09,0,5.82,1.09,0.23,0.48,0.64,0.97,1.19
"251","wv.518",1.56,0.48,1.07,1.13,2.09,1.27,0.68,2.19,0.21,1.19
"252","wv.212",0.99,0.05,0.09,3.74,0.47,0.12,0.24,4.02,0.94,1.18
"253","wv.549",0.39,0.11,2.23,1.07,0.31,0.72,0.47,4.17,1.17,1.18
"254","wv.373",5.24,0.05,0.82,1.26,0.75,0.65,1.29,0.12,0.46,1.18
"255","wv.710",0.8,0.08,0.23,0.7,5.44,0.35,0.28,2.51,0.18,1.17
"256","wv.720",0.6,0.12,0.16,7.04,0.62,0.13,0.39,1.31,0.16,1.17
"257","wv.211",0.54,0.18,0.97,0.19,1.52,1.79,1.18,0,4.15,1.17
"258","wv.633",2.51,0.19,1.33,1.92,1.07,0.34,2.26,0.58,0.3,1.17
"259","wv.679",0.3,0.03,0,3.53,0.83,0.38,0.33,4.17,0.96,1.17
"260","wv.24",0.76,1.16,0.8,0.9,3.77,1.2,1.51,0.16,0.29,1.17
"261","wv.104",0.32,0.12,3.23,1,0.68,0.35,0.89,1.79,2.04,1.16
"262","wv.922",5.54,0,0.88,1.3,0.15,0.13,1.3,0.09,1.01,1.16
"263","wv.75",0.36,0.11,0.74,0.7,3.36,0.87,0.33,1.89,2.06,1.16
"264","wv.906",0.12,0,0,0.51,2.51,2.47,3.13,0.48,1.25,1.16
"265","wv.890",1.83,0.08,0.73,0.85,0.21,3.86,0.7,2.16,0,1.16
"266","wv.734",1.3,0.24,0.95,4.68,0.68,0.71,0.74,0.45,0.73,1.16
"267","wv.652",0.8,0.13,0.4,3.99,2.49,0.4,0.95,0.8,0.44,1.16
"268","wv.506",2.76,0.14,1.08,3.16,2.03,0.38,0.26,0.09,0.56,1.16
"269","wv.891",0.49,1.38,4.23,2.47,1.05,0.2,0.57,0,0,1.15
"270","wv.333",2.53,0.15,0,0.26,5.11,0.1,0.57,0.42,1.24,1.15
"271","wv.733",1.64,0.36,0.25,3.09,3.93,0.24,0.29,0.32,0.22,1.15
"272","wv.757",1.57,0.05,0.74,3.18,0.25,1.3,0.56,2.43,0.31,1.15
"273","wv.37",0.6,0.22,1.73,1.46,4.12,0.62,0.25,0.81,0.43,1.14
"274","wv.439",2.1,0.18,3.31,0.78,0.12,0.12,0.94,0.11,2.57,1.14
"275","wv.527",0.56,0.34,0.35,6.03,0.86,0.55,0.58,0.33,0.69,1.14
"276","wv.888",5.88,0.12,0.38,2.06,0.35,0.47,0.1,0.87,0,1.14
"277","wv.476",0.82,0.03,0.54,4.73,0.76,0.31,0.22,2.4,0.45,1.14
"278","wv.384",0.59,0.33,1.58,0.8,3.67,0.38,0.28,1.3,1.37,1.14
"279","wv.551",1.54,2.33,3.44,1,0.33,0.98,0.21,0,0.31,1.13
"280","wv.765",0.18,0.06,2.03,2.36,4.17,0.37,0.37,0.38,0.25,1.13
"281","wv.323",0.14,0.06,0.33,1.23,2.45,1.31,0.59,0.23,3.81,1.13
"282","wv.590",0,0.16,0.47,5.03,0.79,1.05,0.99,0.93,0.71,1.13
"283","wv.965",0.7,0.11,0,0.79,2.38,1.48,1.29,3.01,0.29,1.12
"284","wv.36",1.95,0.05,2.05,1.23,0.48,0.14,1.26,0.61,2.3,1.12
"285","wv.57",1.76,0.22,1.15,3.14,0.25,0.46,0.05,2.41,0.61,1.12
"286","wv.897",1.32,0.07,0.64,1.64,3.82,0.47,0.39,1.39,0.35,1.12
"287","wv.475",1.98,0.44,0.48,0.64,0.39,1.74,0.25,0.17,3.98,1.12
"288","wv.21",0.15,0.3,2.46,1.07,0.34,0.35,3.17,1.68,0.56,1.12
"289","wv.341",0.43,0.14,0.59,2.53,0.73,0.06,0.08,1.36,4.14,1.12
"290","wv.187",0.5,0.13,1.63,1.36,3.68,0.76,1.45,0.51,0.06,1.12
"291","wv.449",0.28,0.32,0.63,1.59,1.46,0.09,0.53,1.75,3.43,1.12
"292","wv.739",2.75,0.12,0.24,1.67,0.25,0.7,2.86,0.51,0.9,1.11
"293","wv.284",1.47,0.05,0.4,3.94,1.19,0.92,1.16,0.71,0.13,1.11
"294","wv.240",0.69,0.03,0.88,2,1.32,0.56,0.74,3.53,0.26,1.11
"295","wv.55",0.31,0.23,0.28,1.97,1.99,3.01,0.29,0.93,0.96,1.11
"296","wv.690",0.21,0.08,1.85,2.24,4.24,0.12,0.51,0.5,0.16,1.1
"297","wv.131",0.37,0.11,2.4,1.59,0.91,0.49,0.28,3.13,0.66,1.1
"298","wv.325",1.01,0.07,1.1,4.76,0.64,0.05,0.37,1.12,0.75,1.1
"299","wv.961",0.31,0.32,0.21,2.71,3.31,1.37,0.61,0.6,0.48,1.1
"300","wv.43",0.71,0.07,1.29,0.86,4.79,0.72,0.18,1.03,0.19,1.09
"301","wv.408",2.28,0.03,1.54,1.85,1.05,1.69,0.73,0.08,0.58,1.09
"302","wv.93",0,0.16,0.26,4.77,1.13,0.04,1.21,0.21,2.04,1.09
"303","wv.949",4.07,0.15,1.43,0.9,0,0.51,1.02,1.08,0.68,1.09
"304","wv.538",1.54,0.89,1.09,1.74,0.71,0.47,0.7,2.48,0.15,1.09
"305","wv.368",1.24,0.14,0.49,4.92,1.62,0.08,0.36,0.51,0.38,1.08
"306","wv.122",1.26,0.03,0.91,2.98,1.88,1.86,0.11,0.06,0.63,1.08
"307","wv.16",0.38,0.19,0.49,2.68,1.55,0.19,1.04,2.96,0.23,1.08
"308","wv.778",0,0.06,0,0.39,3.8,1.42,1.63,0.26,2.15,1.08
"309","wv.304",0.11,0.26,1.09,0.87,1.38,0.09,0.17,5.39,0.31,1.07
"310","wv.415",1.66,0.05,1.17,3.74,0.48,0.27,0.35,1.71,0.18,1.07
"311","wv.121",0.83,0.03,0.54,1.29,0.37,5.01,1.27,0,0.32,1.07
"312","wv.387",0.62,0.03,0.2,1.57,0.48,0.38,0.34,3.23,2.82,1.07
"313","wv.811",0.26,0.1,1.09,3.02,1.01,0.41,0.4,3.25,0.08,1.07
"314","liwc.Clout",0.43,0.18,0.26,1.36,3.67,0.5,0.43,1.77,0.91,1.06
"315","wv.237",0.67,0.36,1.67,0.27,2.12,0.16,1.76,1.66,0.84,1.06
"316","liwc.AllPunc",0.28,1.19,0.86,1.32,1.59,0.24,0.71,2.59,0.77,1.06
"317","wv.756",0.32,0.15,0.89,0.88,0.44,0.13,0.99,5.26,0.51,1.06
"318","liwc.function",2.31,0.02,0,5.55,0.67,0.31,0.09,0.5,0,1.05
"319","wv.749",0.7,0.14,0.43,2.2,1.05,1.24,0.53,2.9,0.3,1.05
"320","wv.394",1.42,0.11,0.69,3.34,0.64,0.26,0.44,2.53,0,1.05
"321","wv.118",0.24,0.09,0.53,6.9,0,0.37,0.47,0.29,0.55,1.05
"322","wv.452",1.55,0.04,2.17,0.24,2.19,0,0,0.86,2.36,1.05
"323","wv.569",0.8,0.19,2.46,2.34,0,0.3,2.02,0.67,0.62,1.04
"324","wv.26",2.93,0.06,0.96,2.52,0.14,0.27,0.78,1.59,0.11,1.04
"325","wv.215",0.27,0.14,2.78,0.48,2.93,0.21,1.08,0.66,0.81,1.04
"326","wv.540",0.58,0.02,0.93,5.92,0.17,0.36,0.23,0.21,0.95,1.04
"327","wv.8",0.5,0.18,2.05,3.01,1.13,1.02,0.47,0.71,0.3,1.04
"328","wv.727",0.45,0.02,0.97,6.92,0.23,0.25,0.08,0.26,0.06,1.03
"329","wv.301",0.76,0.14,0.64,0.91,2.71,0.11,1.06,1.25,1.65,1.03
"330","wv.409",0.47,0.49,0.41,1.96,2.71,2.11,0.55,0.34,0.14,1.02
"331","wv.583",1.24,0.1,0.68,1.99,2.32,1.69,0.8,0.07,0.31,1.02
"332","wv.370",0.77,0.18,0.87,0.92,0,0.46,0.2,4.93,0.87,1.02
"333","wv.635",1.76,0.47,1.42,1.26,0.56,0.21,0.7,0.56,2.21,1.02
"334","wv.180",1,0.32,0.35,2.09,2.37,0.52,2.24,0.2,0.05,1.02
"335","wv.714",0.97,0,1.28,2.81,1.03,0.58,0.49,1.24,0.74,1.02
"336","wv.999",0.16,0.02,0.09,4.54,1.7,0.46,0.33,0.43,1.43,1.02
"337","wv.235",0.7,0,0.48,0.35,1.96,0.43,0.92,2.17,2.13,1.02
"338","wv.416",1.62,0,0.77,0.81,0.47,1.72,0.37,2.02,1.42,1.02
"339","wv.881",0.18,0.13,1.31,1.46,0.41,0.35,0.18,2.54,2.59,1.02
"340","wv.7",0.82,0.1,0.55,1.09,0.6,0.67,0.79,0,4.56,1.02
"341","wv.637",0.28,0.33,1.1,2.91,1.43,0.21,1.31,0.2,1.37,1.02
"342","wv.503",0.29,0.91,0.64,1.75,0.62,0.54,0.92,3.1,0.34,1.01
"343","wv.653",0.54,0.19,0.4,1.27,1.2,0.04,0.4,0.73,4.32,1.01
"344","wv.706",0.14,0.07,4.38,0.93,0.88,0.34,0.92,0.19,1.24,1.01
"345","wv.33",1.84,0.17,1.43,0.24,2.32,0.28,0.25,1.75,0.81,1.01
"346","wv.927",1.67,0.11,0.77,0.81,2.15,0.2,0.67,1.91,0.84,1.01
"347","wv.915",3.36,0.04,0.27,3.7,0.79,0.28,0.44,0,0.22,1.01
"348","wv.291",3.36,0.06,1.49,0.68,0.83,0.42,1.09,0.13,1,1.01
"349","wv.30",1.09,0.02,0.81,0.83,2.26,1.6,1.77,0,0.61,1
"350","wv.90",0.25,0.03,4.21,1.53,0.66,0.07,0.23,0.83,1.22,1
"351","wv.242",0.89,0.13,1.14,1.92,1.07,0.34,1.92,0.83,0.78,1
"352","wv.54",0.24,0.38,0.13,2.29,2.89,0.27,0.51,1.46,0.8,1
"353","wv.259",0.43,0.67,0.23,1.78,1.51,0.74,1.14,1.88,0.65,1
"354","wv.306",0.2,0.46,0.83,2.08,0.6,0.37,0.59,2.65,1.21,1
"355","wv.781",0.31,0.21,1.01,1.54,3.56,0.04,1.01,0.96,0.28,0.99
"356","wv.838",0.2,0.11,0.28,4.27,1.79,0.57,1.31,0.1,0.25,0.99
"357","wv.689",0.71,0.02,0.3,3.13,2.54,0.47,0.7,0.19,0.88,0.99
"358","wv.221",2.27,0.23,3.38,0,0.32,0.52,0.47,0.26,1.33,0.98
"359","wv.579",3.22,0.07,0.42,2.57,0.49,1.57,0.25,0,0.2,0.98
"360","wv.154",0,0.46,1.01,1.31,3.82,0.99,0.32,0.19,0.71,0.98
"361","wv.542",1.52,0.08,2.03,1.14,2.62,0.84,0.23,0.11,0.12,0.97
"362","wv.385",1.2,0.02,0.6,3.96,0.46,0.07,1.24,0.29,0.87,0.97
"363","wv.760",0.14,0.23,0.48,1.3,2.58,0.17,1.63,0.47,1.74,0.97
"364","wv.673",4.26,0.52,0.75,1.08,0.56,0.34,0.39,0.77,0.09,0.97
"365","wv.157",0.24,0.44,0.21,4.35,0.66,0.31,0.67,1.46,0.42,0.97
"366","wv.948",2.45,0.09,0.46,1.27,1.99,0.2,0.69,0.96,0.58,0.97
"367","wv.668",0.83,0.19,0.38,2.09,1.89,0.06,0.64,2.29,0.37,0.97
"368","wv.106",0.79,0.11,0.57,1.2,1.75,0.58,0.49,1.7,1.41,0.96
"369","wv.531",0.31,0.06,0.59,1.11,0.36,0.73,0.2,5.12,0.17,0.96
"370","wv.901",0.71,0.36,0.55,5.42,0.45,0.13,0.6,0.16,0.26,0.96
"371","wv.676",0.19,0.05,1.87,1.68,1.69,0.81,2.2,0.09,0.09,0.96
"372","wv.691",1.64,0.08,0.88,0.6,2.53,0.44,1.2,0.53,0.77,0.96
"373","wv.321",0.36,0.08,0.3,0.29,5.44,0.79,0.53,0.19,0.66,0.96
"374","wv.861",0.66,0.35,2.26,1.08,2.49,0.23,0.59,0.35,0.51,0.95
"375","wv.199",0.33,0.07,0.73,2.51,1.2,1.43,0.35,0,1.95,0.95
"376","wv.995",0.35,0.33,0.14,2.38,0.65,2.06,0.16,1.58,0.88,0.95
"377","wv.716",0.59,0.03,4.75,0,0.17,2.34,0.41,0.11,0.16,0.95
"378","wv.354",0.54,0.34,1.84,1.59,2.77,0.26,0.25,0.52,0.4,0.95
"379","wv.153",0.33,0.49,0.29,0.81,0.22,0.15,0.49,5.46,0.2,0.94
"380","wv.18",1.38,0.19,0.29,0.43,0.47,0.23,0.42,3.32,1.69,0.94
"381","wv.805",0.28,0.02,0,1.74,4.12,1.17,0.26,0.66,0.22,0.94
"382","wv.52",2.04,0.06,0.82,1.6,0.28,0.12,0.73,2.6,0.24,0.94
"383","wv.959",0.43,0.15,0.36,0.54,4.11,1.08,1.22,0.43,0.08,0.93
"384","wv.391",2.34,0.11,0.39,0.22,0.5,2.04,1.27,0.75,0.77,0.93
"385","wv.630",1.47,0.16,1.12,1.2,2.03,0.88,0.39,0.15,0.96,0.93
"386","wv.973",3.51,0.09,1.14,1.03,0.72,0.07,0.92,0.11,0.8,0.93
"387","wv.788",0.18,0.1,0.54,1.99,2.6,0.55,0.6,1.73,0.1,0.93
"388","wv.451",3.51,0.3,0.72,0.56,0.43,0.75,0.68,0.98,0.41,0.93
"389","wv.79",0.2,0.02,1.05,3.61,2.14,0.09,0.34,0.64,0.27,0.93
"390","wv.638",1.33,0.06,0.24,0.79,1,0.21,0.76,3.1,0.89,0.93
"391","wv.763",1.47,0.06,0.49,3.07,0.92,0.69,0.88,0.39,0.44,0.93
"392","wv.759",0.17,0.1,1.43,0.34,1.19,0.8,0.99,0.34,2.9,0.92
"393","wv.252",0.28,0.38,3.38,1.44,0.75,0.05,1.04,0.1,0.74,0.91
"394","wv.208",0.92,0.37,0.64,0.69,0.54,0.43,0.67,1.24,2.71,0.91
"395","wv.803",0.28,0.47,0.85,2.95,1.17,0.42,0.55,1.25,0.23,0.91
"396","wv.784",0.21,0.15,0.91,0.74,2.52,0.21,0.96,0.16,2.32,0.91
"397","wv.92",0.53,0.12,0.26,2.7,0.92,0.76,0.43,1.56,0.78,0.9
"398","wv.222",0.76,0.06,0.88,0.44,0.25,0.34,1.55,3.26,0.52,0.9
"399","wv.877",1.04,0,0.27,3.81,1.12,0.15,0.2,1.46,0.07,0.9
"400","wv.217",0.66,0.21,1.31,1.23,1.02,1.09,0.25,1.21,1.05,0.89
"401","wv.850",2.39,0.4,0.94,1.55,1.69,0.16,0.09,0.23,0.55,0.89
"402","wv.474",0.17,0.11,0.17,5.43,0.83,0.23,0.17,0.48,0.36,0.88
"403","wv.330",0.21,0.11,0.47,1.54,0.93,0.48,0.27,3.78,0.13,0.88
"404","wv.813",2.1,0.33,0.59,1.71,0.42,0.49,0.92,0.81,0.57,0.88
"405","wv.852",0.7,0.17,0.45,4.24,0,1.2,0.68,0.26,0.25,0.88
"406","wv.348",0.09,0.09,1.23,1.71,0.75,0.17,0.47,2.59,0.83,0.88
"407","wv.479",0.88,0.37,0.7,0,1.75,2.64,0.33,0,1.15,0.87
"408","wv.419",0.27,0.09,1.71,1.16,2.09,1.27,0.14,0.59,0.47,0.87
"409","wv.863",0.71,0.27,0.45,0.58,1.21,0.19,0.48,1.99,1.83,0.86
"410","wv.566",0.94,0.37,1.33,3.27,0.35,0.55,0.07,0.23,0.61,0.86
"411","wv.363",0.72,0.06,0.47,2.41,0.2,0.11,0.81,2.52,0.43,0.86
"412","wv.563",1.07,0.03,0.17,0.74,1.22,2.51,0.74,1,0.28,0.86
"413","wv.791",0.54,0.08,1.2,1.6,2.31,0,0.98,1,0,0.86
"414","wv.586",0.9,0.65,0.35,2.49,0.41,0.35,1.67,0.25,0.65,0.86
"415","wv.389",1.07,0.18,0.53,0.58,0.49,0.71,0.44,0.8,2.94,0.86
"416","wv.17",0.47,0.05,3.22,1.56,1.26,0.12,0.95,0.08,0,0.86
"417","wv.74",0.8,0.08,0.36,0.76,0.52,0.55,1.22,0,3.48,0.86
"418","wv.334",0.34,0.87,0.21,0.43,1.5,0,0.61,3.44,0.31,0.86
"419","wv.205",0.88,0.05,0.42,2.61,1.14,0.21,0,0.26,2.2,0.86
"420","wv.377",0.67,0.06,0.87,2.41,0.41,0.16,1.69,0.86,0.64,0.86
"421","wv.224",2.31,1.26,0.55,0,1.23,0.7,0.84,0.47,0.41,0.86
"422","wv.35",0.72,0.1,0.89,1.25,0.76,0.19,2.95,0.61,0.16,0.85
"423","wv.453",1.12,0,0.27,1.8,1.59,0.34,1.68,0.76,0.07,0.85
"424","wv.132",1.09,0.16,1.49,1.02,1.23,0.46,0.81,0.64,0.74,0.85
"425","wv.550",0.14,0.09,1.3,3.42,1.17,0.9,0,0,0.63,0.85
"426","wv.919",0.74,0.87,0,4.4,0.68,0.63,0.05,0.21,0.07,0.85
"427","wv.631",0.18,0.18,0.3,0.19,1.89,0.4,0.49,2.99,1.06,0.85
"428","wv.580",0.2,0.08,0.19,1.17,0.38,0.63,1.37,2.72,0.95,0.85
"429","wv.761",0.28,0.24,0.11,1.27,3.05,0.27,0.13,1.22,1.03,0.84
"430","wv.197",2.59,0.02,0.45,0.22,1.55,1.15,0.31,0.83,0.48,0.84
"431","wv.809",0.22,0.16,4.45,0.69,1.23,0.13,0.37,0.09,0.19,0.84
"432","wv.145",0.52,0.46,0.29,1.17,1.48,1.68,0.06,0.24,1.66,0.84
"433","wv.654",1.35,0.16,0.63,0.55,2.2,0.52,0.29,1.36,0.46,0.84
"434","wv.799",0.45,0.32,0.11,2.52,0.2,1.01,1.59,0,1.4,0.84
"435","wv.156",0.41,0.12,0.26,4.23,0.18,0.17,0.4,1.29,0.46,0.84
"436","wv.281",0,0.08,1.24,2.38,0.9,1.05,0.28,0.88,0.74,0.84
"437","wv.663",0.32,0.02,0.36,2.2,0.4,0.14,0.19,3.53,0.38,0.84
"438","wv.932",0.74,0.08,0.33,2,0.92,0.67,1.36,0.64,0.81,0.84
"439","wv.658",1.08,0.84,0.82,1.72,1.89,0.17,0.33,0.33,0.33,0.83
"440","wv.821",1.55,0.03,0.2,0.78,2.37,0.19,0.83,1.22,0.27,0.83
"441","wv.150",0.23,0.33,0.52,0,2.47,0,1.19,1.82,0.94,0.83
"442","wv.182",0.52,0.06,1.33,2.02,1.53,0.3,0.73,0.72,0.28,0.83
"443","wv.65",1.57,0.72,0.38,2.24,0.89,0.5,0.22,0.16,0.83,0.83
"444","wv.746",0.56,0.07,0.72,2.79,0.91,0.24,0.47,0.53,1.19,0.83
"445","wv.263",0.14,0.05,0.14,1.92,1.2,0.38,2.21,0.5,0.91,0.83
"446","wv.942",0.33,0.27,0.86,1.13,1.01,0.65,0.68,1.53,0.95,0.82
"447","wv.776",1.12,0.09,0.37,0,1.07,0.38,0.53,0.8,3.02,0.82
"448","wv.458",0.2,0.66,0,3.87,0.47,0.04,1.89,0,0.25,0.82
"449","wv.854",3.06,0,0.43,0.43,1.04,0.22,0.26,1.12,0.8,0.82
"450","wv.660",0.49,0.05,0.81,0.65,0.16,1.37,1.67,1.72,0.48,0.82
"451","wv.473",0.26,0.11,0.57,3.59,0.7,0.84,0.47,0.09,0.79,0.82
"452","wv.957",0.82,0.04,0.83,1.96,0.42,1.52,0.4,0.72,0.69,0.82
"453","wv.918",1.51,0.08,0.87,1.59,0.6,0.28,0.61,0.34,1.5,0.82
"454","wv.963",2.31,0.28,0.27,1.05,1,0.43,1.03,0.85,0.13,0.82
"455","wv.555",0.58,0.03,0.93,2.74,0.16,0.16,0.72,0.11,1.96,0.82
"456","wv.72",1.26,0.08,2.39,0.86,1.79,0.34,0.16,0,0.42,0.81
"457","wv.952",0.24,0.14,1.12,0.4,0.93,0.47,0.73,2.31,0.92,0.81
"458","wv.790",1.28,0.05,0.17,2.1,0.34,0.32,0.6,0.78,1.64,0.81
"459","wv.204",0,0.45,1.31,1.91,0.42,0.34,2.42,0,0.43,0.81
"460","wv.562",1.34,0.03,2.32,1.39,0.13,0.05,0.59,0.33,1.07,0.81
"461","wv.536",0.38,0.05,0.61,0.76,1.12,0.17,0.84,2.99,0.4,0.81
"462","wv.793",0.52,0.05,1.63,0.91,1.62,0.31,0.81,0.91,0.44,0.8
"463","wv.238",0.52,0.32,0.61,1.06,1.4,1.21,0.17,1.25,0.69,0.8
"464","wv.875",1.29,0.17,1.02,1.38,0.44,1.43,0.67,0.07,0.76,0.8
"465","wv.534",0.39,0.17,1.71,1.73,1.95,0.55,0.47,0.24,0,0.8
"466","wv.455",0.67,0.33,1.08,1.05,0.36,1.12,1.09,0.71,0.8,0.8
"467","wv.243",1.21,0.11,0.47,1.71,0.55,1.36,1.08,0.1,0.58,0.8
"468","wv.502",1.58,0.06,0.76,2.38,0.19,0.36,0.83,0.37,0.71,0.8
"469","wv.447",0.76,0.33,0.35,2.57,0.72,0.45,0.21,0.81,1.03,0.8
"470","wv.436",0.17,0.09,0.78,2.61,0.2,1.13,0.55,0.9,0.71,0.79
"471","wv.910",0.1,0.2,0.22,1.53,1.59,0.46,0.19,1.3,1.52,0.79
"472","wv.657",2.75,2.33,0.61,0,0.52,0.14,0.25,0.42,0.1,0.79
"473","wv.960",0.59,0.43,1.26,0.18,0.68,1.01,0.79,0.32,1.83,0.79
"474","wv.651",1.97,0.25,0.3,1.37,0.6,1.18,0.37,0.61,0.43,0.79
"475","wv.70",0.54,0.17,0,1.99,0.73,1.43,1.44,0.5,0.27,0.79
"476","wv.123",0.91,0.22,0.95,1.11,0.85,0.53,0.25,0.72,1.59,0.79
"477","wv.736",0.43,0.33,1.37,1.45,1.07,0.17,1.73,0.42,0.05,0.78
"478","wv.589",1.23,0.04,0,3.73,0.25,0.42,0.92,0,0.41,0.78
"479","wv.970",0.08,0.09,0.97,0.72,1.29,0.42,0.71,0.52,2.13,0.77
"480","wv.417",0.28,0.1,2.3,1.64,0.28,0.57,0.87,0.77,0.1,0.77
"481","wv.819",0.76,0.06,0,1.3,0.56,0.42,0.49,2.72,0.58,0.77
"482","wv.343",0.72,0.08,0,3.37,1.21,0.49,0.24,0.22,0.57,0.77
"483","wv.662",0.25,0.34,0.26,3.93,0.33,0.36,0.27,0.44,0.72,0.77
"484","wv.768",2.93,0.05,0.68,0.93,0.09,0.53,0.99,0.45,0.32,0.77
"485","wv.241",0.97,0.38,0.82,1.96,0.42,0.4,0.2,0.05,1.74,0.77
"486","wv.853",0.84,0.06,0.43,2.36,2.16,0.24,0.41,0,0.36,0.76
"487","wv.294",1.3,0.41,0.89,0,0.99,0.42,0.5,0.36,1.96,0.76
"488","wv.437",0.6,0.02,0.09,0.39,0.35,0.76,0.24,1.11,3.32,0.76
"489","wv.375",0.07,0.05,0.69,1.91,2.19,0.07,1.17,0.26,0.44,0.76
"490","wv.773",2.45,0.16,0.48,1.29,0.6,0.3,0.86,0.5,0.17,0.76
"491","wv.643",0.66,0.08,0.84,1.51,1.97,0.17,0.53,0.6,0.52,0.76
"492","wv.268",0,0.12,1.43,2.47,0.76,1.06,0.18,0.26,0.58,0.76
"493","wv.671",0.97,0.21,0.66,1.65,0.27,1.15,0.41,1.29,0.12,0.75
"494","wv.262",1.97,0.04,0.21,1.33,1.96,0.42,0.06,0.33,0.42,0.75
"495","wv.152",1.51,0.04,1.16,0.87,0.99,0.16,0.25,0.32,1.44,0.75
"496","wv.251",0.44,0.05,1.17,1.36,1.97,0.43,0.37,0.51,0.49,0.75
"497","wv.855",0.63,0.01,1.63,2.09,0.45,0.27,1.4,0.1,0.2,0.75
"498","wv.987",0.76,0.12,0,1.97,0.92,0.23,0.26,0.38,2.09,0.75
"499","wv.130",0.36,0.1,1.17,0.28,1.3,0.72,0.53,1.79,0.49,0.75
"500","wv.526",0.53,0.48,0.68,0.45,0.58,1.35,0.95,0.17,1.5,0.74
"501","wv.827",0.52,0.09,2,0.87,1.99,0.67,0.35,0,0.21,0.74
"502","wv.127",3.07,0.07,0.25,1.14,0.69,0.19,0.07,0.92,0.28,0.74
"503","wv.825",1.15,0.99,0.96,0.73,1.51,0.18,0.62,0,0.53,0.74
"504","wv.520",0.21,0.12,1.05,0.87,1.77,0.05,0.66,0.97,0.93,0.74
"505","wv.462",2.45,0.08,0.23,1.14,0.67,0.62,0,0,1.49,0.74
"506","wv.598",0.52,0.45,1.47,1.68,0.83,0,0.51,0.97,0.13,0.73
"507","wv.159",0.72,0.17,0.89,0,0.69,0.73,0.13,0.58,2.62,0.73
"508","wv.782",0.31,0.24,0.59,0.8,0.34,2.29,1.15,0.62,0.23,0.73
"509","wv.269",1.04,0.19,0.29,1.38,1.7,0.28,0.44,0.67,0.55,0.73
"510","wv.194",0.1,0,0.91,3.67,0.58,0.34,0.4,0.23,0.36,0.73
"511","wv.219",0.27,0.11,0.34,3.34,0.27,0.53,0.24,0.71,0.68,0.72
"512","wv.951",0.15,0.22,0.21,1.67,2.26,0.41,0.79,0.7,0.1,0.72
"513","wv.308",0.85,0.12,1.01,1.55,1.29,0.29,0.59,0.49,0.29,0.72
"514","wv.738",0.82,0.15,0.48,1.16,1.07,0.46,0.52,1.09,0.7,0.72
"515","wv.702",0.76,0.33,1.15,0.7,0.51,0.09,1.92,0.39,0.6,0.72
"516","wv.140",0.31,0.44,0.31,1.11,0.2,0.62,0.92,1.89,0.67,0.72
"517","liwc.Sixltr",1.97,0.2,0.13,1.01,0.94,0,1.43,0.66,0.14,0.72
"518","wv.356",1.18,0.13,1.05,1.47,0.6,0.28,0.48,0.21,1.03,0.71
"519","wv.556",0.66,0.43,0.21,0.23,0.64,0.82,0.4,1.91,1.12,0.71
"520","wv.198",1.66,0.38,0.52,1.5,0.19,0.35,0.6,0.51,0.69,0.71
"521","wv.378",0.23,0.47,0,0.46,1.19,1.39,0.13,1.22,1.28,0.71
"522","wv.254",1.32,0.13,1.48,1.23,0.71,0.08,0.32,0.49,0.67,0.71
"523","wv.764",0.35,0.09,0.72,2.43,0.44,0.41,1.4,0.16,0.36,0.71
"524","wv.577",0.54,0.94,0.27,0,1.44,1.52,0.17,1.37,0.18,0.71
"525","wv.399",0.63,0.03,1.54,1.17,2.37,0.17,0.21,0.14,0.16,0.71
"526","wv.457",2.05,0.34,0.29,0.31,0.44,0.05,1.57,0.75,0.62,0.71
"527","wv.608",0.52,0.21,0.13,1.14,1.26,0.29,0.71,1.84,0.28,0.71
"528","wv.6",0.2,0.09,0.29,0.49,1.65,0.29,1.3,0.43,1.68,0.71
"529","wv.834",0.71,0.21,1.38,0.93,0.67,0.37,0.2,1.43,0.4,0.7
"530","wv.101",1.8,0.07,0.16,0.89,0.39,0.54,0.55,0.84,1.06,0.7
"531","wv.163",0.33,0.42,0.31,2.85,0.24,1.04,0.42,0.6,0.12,0.7
"532","wv.316",0.35,0.08,1.89,1.67,0.34,0.14,0.28,0.82,0.72,0.7
"533","wv.929",0.07,0.18,0.87,1,1.65,0.45,0.3,1.48,0.22,0.69
"534","wv.10",0.48,0.06,0.64,1.06,1.08,0.66,0.4,0,1.81,0.69
"535","wv.812",0.26,0.08,0.25,2.57,0.53,0.67,0.25,1.32,0.32,0.69
"536","wv.116",0.54,0.04,1.9,0.22,1.02,0.86,0.98,0.19,0.45,0.69
"537","wv.787",1.31,0.14,0.45,0.68,0.75,0.52,0.8,0.14,1.31,0.68
"538","wv.171",0.8,0.04,0.34,1.17,1.46,0.53,0.3,0,1.52,0.68
"539","wv.947",0.27,0.14,0,4.48,0.1,0.09,0.86,0.14,0.06,0.68
"540","wv.709",0.08,0.02,0.5,1.88,0.45,0.14,1.93,0.41,0.75,0.68
"541","wv.120",0.1,0.22,0.29,1.27,0.82,0.13,0.72,2.39,0.17,0.68
"542","wv.874",0.15,0.02,0.27,1.17,1.86,1.98,0.12,0.19,0.37,0.68
"543","wv.958",0.24,0.17,0.59,1.98,0.87,0.04,0,0.47,1.7,0.67
"544","wv.846",1.12,0.07,0.75,0.32,0.64,0.72,0.63,1.67,0.11,0.67
"545","wv.610",0.2,1.46,0.16,1.83,0.44,0.79,0.34,0.46,0.33,0.67
"546","wv.623",0.89,0.42,0,1.35,0.32,0.35,1.2,1.19,0.31,0.67
"547","wv.406",0.27,0.14,0.94,1.08,0.81,0.06,0.58,0.38,1.74,0.67
"548","liwc.negate",0.65,0.13,1.31,0.76,1.47,0.18,0.38,0.73,0.29,0.66
"549","wv.296",0.54,0.07,0.44,0.6,0,0.76,0.89,1.91,0.75,0.66
"550","wv.704",0.09,0.28,0.19,1.27,0.93,0.46,1.64,0.91,0.16,0.66
"551","wv.732",2.05,0.09,0.38,0.47,0.29,0.5,0.56,0.21,1.43,0.66
"552","wv.464",1.52,0.1,0.48,1.23,0.48,0.39,0.87,0.5,0.33,0.66
"553","wv.86",0.86,0.44,1.43,0.91,0.44,0.68,0.1,0.59,0.45,0.66
"554","liwc.WPS",0.18,0.06,1.59,1.73,0.6,0.45,0.61,0.67,0.07,0.66
"555","wv.640",1.07,0.77,0.82,0.58,1.14,0.49,0.07,0.36,0.61,0.66
"556","wv.107",0.66,0.06,0.49,0.85,1.2,1.53,0.61,0.07,0.35,0.65
"557","wv.641",0.47,0.05,0.5,3.09,0.68,0.58,0.25,0,0.2,0.65
"558","wv.528",0.27,0.23,0.17,0.27,1.02,0.5,2.92,0.24,0.19,0.65
"559","wv.340",0.09,0.2,0.39,0.42,0.29,0.1,1.45,0.67,2.28,0.65
"560","wv.770",0.56,0.35,0.33,1.16,0.33,0,0.27,0.28,2.57,0.65
"561","wv.828",0.48,0.02,0.21,0.64,0.2,0.61,1.32,1.02,1.29,0.64
"562","wv.998",0.36,0.41,0.64,0.22,2,0,0.5,0.67,0.99,0.64
"563","wv.908",0.51,0.14,0.32,0.57,1.9,0.35,0.65,1.21,0.15,0.64
"564","wv.780",2.34,0.11,0.24,0.51,1.23,0.51,0.28,0.46,0,0.63
"565","wv.425",0.15,0.18,0.24,1.08,1.47,0.39,0.29,1.56,0.34,0.63
"566","wv.525",0.1,0.17,0.27,1.14,1.82,0.41,0.55,0.23,0.89,0.62
"567","wv.537",1.01,1.18,0.4,0.83,0.11,1.11,0,0.66,0.28,0.62
"568","wv.822",1.51,0.37,0.29,0.88,0.2,0.38,0.42,0.39,1.17,0.62
"569","wv.715",0.25,0.02,0.85,1.47,0.92,0.31,0.7,0.38,0.67,0.62
"570","wv.220",0.61,0.18,2.29,0,0.15,0.13,0.2,1.29,0.66,0.61
"571","wv.99",0.11,0.1,1.03,0,0.68,1.42,1.07,0.44,0.65,0.61
"572","wv.515",0.68,0.24,0.33,1.41,0.36,0.16,0.21,0.58,1.48,0.61
"573","wv.380",0.49,0.11,0,1.65,0.18,0.17,1.82,0.65,0.39,0.61
"574","wv.866",0.1,0.06,0.19,0.88,0.83,1.11,2.11,0,0.25,0.61
"575","wv.829",0.38,0.28,0.59,1.21,0.51,0.14,1.17,0.48,0.69,0.61
"576","wv.128",0.28,0.14,0.16,0.57,0.15,1.5,0.42,0.81,1.42,0.61
"577","wv.34",0.69,0.42,0.59,2.05,0.45,0.19,0.26,0.27,0.56,0.61
"578","wv.997",1.95,0,0.21,0.87,0.77,0.12,0.28,0.57,0.67,0.6
"579","wv.105",1.12,0.02,0.56,1.41,0.37,0.11,0.77,0.75,0.25,0.6
"580","wv.388",0.08,0.11,0.09,0.27,2.03,0.18,1.84,0.49,0.34,0.6
"581","wv.286",0.32,0.18,0.57,1.16,0.64,0.49,0.39,0.26,1.41,0.6
"582","wv.694",1.41,0,0.26,0.21,0.54,0.76,0.48,0.49,1.12,0.59
"583","liwc.relativ",0.34,0.04,0.94,1.11,0.45,0.49,0.53,0.7,0.72,0.59
"584","wv.255",0.1,0.18,0.38,2.23,0.11,0.72,0.22,0.95,0.4,0.59
"585","ratio.content.remove",0.18,0.09,1.16,1.73,0.11,0,0.37,1.35,0.24,0.58
"586","wv.687",0,0.94,0.25,0,0.94,0.11,1.08,0.43,1.51,0.58
"587","wv.645",0,0.1,0.21,0.87,1.03,0.26,0.26,0.1,2.34,0.57
"588","wv.754",1.55,0,0,0.24,0.87,0.68,0.36,0.45,0.85,0.56
"589","wv.994",0.19,0.09,0.23,2.47,0.78,0.31,0.23,0.39,0.37,0.56
"590","wv.253",0.08,0.3,0.27,0.21,1.24,0.18,0.89,0.24,1.64,0.56
"591","wv.859",0.76,0.33,0.55,1.05,0.65,0.4,0.3,0.99,0,0.56
"592","wv.331",0.18,0.15,0.19,1.14,0.38,0.41,0.9,1.28,0.31,0.55
"593","wv.429",0.33,0.04,0,0.96,0.32,0.11,1.53,0.6,1.06,0.55
"594","wv.656",1.21,0.02,0.12,1.65,0,0.34,0.82,0.37,0.45,0.55
"595","wv.352",0.2,0.5,0.26,0.25,0.09,1.04,0.16,1.46,0.87,0.54
"596","wv.523",1.21,0.3,0.86,0.34,2,0.05,0.09,0,0,0.54
"597","wv.390",0.92,0.05,0.66,0.48,0.47,0.47,0.35,1.06,0.39,0.54
"598","wv.745",0.21,0.19,0,2.1,1.22,0.24,0.2,0.59,0.15,0.54
"599","wv.468",0.46,0.03,0.29,0.6,0.44,0.29,1.08,1.32,0.35,0.54
"600","wv.817",0.09,0.17,0.33,2.95,0.9,0.18,0.07,0,0.21,0.54
"601","avg.char.of.sentence",0.3,0.15,1.17,0.96,0.35,0.72,0.4,0.16,0.63,0.54
"602","wv.9",0,0.03,0.13,1.37,2.1,0.93,0.17,0,0.04,0.53
"603","wv.940",0.18,0.05,2.81,0.19,0.4,0.25,0.12,0.59,0.19,0.53
"604","wv.336",1.12,0.12,0.27,1.4,0.48,0,0.53,0.34,0.48,0.53
"605","wv.300",0.08,0.15,0.73,0.34,0.37,0.47,0.87,0.23,1.54,0.53
"606","wv.45",0.08,0.06,0,2.61,1.21,0.04,0.57,0,0.22,0.53
"607","avg.word.of.sentence",0.3,0.11,0.45,1.17,1.17,0.42,0.35,0.37,0.44,0.53
"608","wv.953",1.54,0.04,0.49,0.58,0.94,0.21,0.52,0.09,0.27,0.52
"609","avg.char.of.word",0.07,0.07,0.37,0.72,0.44,0.69,1.43,0.51,0.4,0.52
"610","wv.789",0.56,0.74,0.67,0.19,0.56,0.65,0.56,0.49,0.22,0.52
"611","wv.680",0.18,0,0.68,0.46,1.09,0.29,1.14,0.2,0.51,0.51
"612","wv.161",0.27,0.18,0.27,0.19,0.38,0.42,0.32,1.36,1.16,0.51
"613","wv.213",0.18,0.14,0.16,0.29,2.13,0.6,0.57,0.07,0.46,0.51
"614","wv.729",0.75,0.35,0.27,1.01,0.38,0.39,0.59,0.13,0.69,0.51
"615","wv.923",1.05,0.09,0.56,0.57,0.78,0.26,0.6,0.22,0.45,0.51
"616","wv.726",0.69,0.24,0.31,0.44,0.46,0.65,0.2,1.52,0,0.5
"617","wv.744",0.74,0.18,0.33,0.96,1.23,0,0.34,0.51,0.18,0.5
"618","wv.326",0.64,0,0.13,0.55,1.03,0,0.99,0,1.12,0.5
"619","wv.862",0.11,0.07,1.1,0.84,1.09,0.5,0.32,0.29,0,0.48
"620","wv.47",0.29,0.36,0.38,0.45,0.83,0.43,0.49,0,1.03,0.47
"621","wv.100",0.34,0.13,0.11,0.52,0.62,0.98,0.3,0.55,0.66,0.47
"622","wv.466",0.53,0.13,0.47,1.6,0.12,0.3,0.08,0.67,0.34,0.47
"623","wv.696",0,0.05,0.7,0.26,0.11,0.4,0.53,0.74,1.36,0.46
"624","wv.39",0.43,0.04,0.91,0.9,0.69,0.05,0.5,0.31,0.29,0.46
"625","wv.151",0.28,0,0.45,0.18,0.56,0.39,0.82,0.5,0.98,0.46
"626","wv.289",0.88,0.1,0.33,1.11,0.44,0.16,0.13,0.47,0.39,0.45
"627","wv.777",0.09,0,0.75,0.28,0.38,0,1.21,0.39,0.91,0.45
"628","wv.605",0.52,0.05,0.49,0.18,0,0.04,0.76,0.83,1.13,0.44
"629","wv.260",0.58,0.09,0.97,0.93,0.36,0.42,0.24,0.07,0.26,0.44
"630","wv.909",0.33,0.32,0.24,0.23,0.56,0.36,1.04,0.52,0.21,0.42
"631","wv.111",0.58,0.34,0,0.44,0.15,0.41,1,0.42,0.38,0.41
"632","wv.996",1.43,0.03,0.16,0.22,0,0.22,0.32,0.87,0.32,0.4
"633","wv.441",0.3,0.04,0.24,1.17,0.81,0.43,0.18,0,0.31,0.39
"634","wv.401",0.47,0.11,0.12,1.13,0.55,0,0.59,0.17,0.34,0.39
"635","wv.843",0.25,0.03,0.33,1.14,0.12,0.18,0.95,0.09,0.34,0.38
"636","wv.322",0.49,0.03,0.56,0.81,0.53,0.43,0,0.29,0.18,0.37
"637","wv.584",0.24,0.02,0.08,1.07,0.89,0,0.29,0.27,0.4,0.36
"638","wv.648",0.17,0.03,0.12,0.56,0.16,0.36,0.31,0.81,0.55,0.34
"639","wv.989",0.32,0.09,0.3,0.84,0.72,0.4,0.07,0,0.17,0.32
"640","wv.880",0.68,0.14,0.3,0.42,0.26,0,0.21,0.09,0.73,0.31
"641","wv.13",0.22,0.03,0.15,0,0.48,0.23,0.33,0.63,0.75,0.31
"642","wv.917",0.33,0.17,0.67,0,0.45,0.38,0.28,0.5,0,0.31
